<?xml version="1.0" encoding="UTF-8"?>
<metadata xml:lang="en"><Esri><CreaDate>20191119</CreaDate><CreaTime>09402900</CreaTime><ArcGISFormat>1.0</ArcGISFormat><SyncOnce>TRUE</SyncOnce><DataProperties><lineage><Process ToolSource="c:\program files (x86)\arcgis\desktop10.5\ArcToolbox\Toolboxes\Data Management Tools.tbx\XYToLine" Date="20191119" Time="092207">XYToLine E:\CASSIE\BRA_annual_cldataset.csv C:\Users\Pedro\Documents\ArcGIS\Default.gdb\BRA_annual_cldataset_XYToLin Start_lon Start_lat End_lon End_lat GEODESIC transect_id "GEOGCS['GCS_WGS_1984',DATUM['D_WGS_1984',SPHEROID['WGS_1984',6378137.0,298.257223563]],PRIMEM['Greenwich',0.0],UNIT['Degree',0.0174532925199433]];-400 -400 1000000000;-100000 10000;-100000 10000;8.98315284119522E-09;0.001;0.001;IsHighPrecision"</Process></lineage></DataProperties></Esri></metadata>
